cell_type,neuronios,maioria,fracao_maioria,consenso,confianca_consenso
KCg-m,1448,acetylcholine,0.9910220994475138,serotonin,1.0
KCab,1330,acetylcholine,0.9947368421052631,glutamate,0.8935999999999998
Tm3,1067,acetylcholine,0.9634489222118088,glutamate,0.7417
Tm1,860,acetylcholine,0.9906976744186047,glutamate,0.8436
JO-E,364,acetylcholine,0.967032967032967,glutamate,1.0
KC,363,acetylcholine,0.9669421487603306,glutamate,1.0
TmY14,336,glutamate,0.9375,histamine,0.7842
SNta29,295,acetylcholine,0.9864406779661017,serotonin,0.9358999999999998
ORN_DA1,224,acetylcholine,0.9955357142857143,histamine,1.0
Mi10,194,acetylcholine,0.9948453608247423,glutamate,0.9348000000000001
TmY10,184,acetylcholine,0.9728260869565217,glutamate,0.7901
JO-F,182,acetylcholine,0.9395604395604396,serotonin,1.0
LPLC2,177,acetylcholine,0.9887005649717514,glutamate,1.0
Li06,157,acetylcholine,0.9299363057324841,glutamate,0.5763
TmY20,152,acetylcholine,0.9605263157894737,glutamate,0.8066
Li17,142,gaba,0.9366197183098591,acetylcholine,0.9035999999999998
MeTu1,136,acetylcholine,0.9411764705882353,gaba,1.0
LC15,111,acetylcholine,0.990990990990991,glutamate,0.9183000000000001
LLPC3,107,acetylcholine,0.9906542056074766,glutamate,0.963
LPC2,92,acetylcholine,0.9565217391304348,gaba,0.9546999999999999
MTe51,83,acetylcholine,0.9397590361445783,gaba,0.8658
vDeltaK,62,acetylcholine,0.9516129032258065,histamine,1.0
TmY16,54,glutamate,0.9629629629629629,acetylcholine,0.8471000000000001
Tlp4,50,glutamate,0.98,acetylcholine,0.9314
LPi02,50,glutamate,0.98,acetylcholine,0.9041
vDeltaE,49,acetylcholine,0.9795918367346939,dopamine,1.0
MTe01b,45,acetylcholine,0.9555555555555556,glutamate,0.8659
LPi07,42,glutamate,0.9523809523809523,acetylcholine,0.9331000000000002
FS2,41,dopamine,0.9512195121951219,acetylcholine,0.7224
MTe50,40,acetylcholine,0.925,gaba,0.6257
vDeltaL,35,acetylcholine,0.9714285714285714,dopamine,1.0
IN10B057,32,acetylcholine,0.96875,glutamate,0.9398
vDeltaI,32,acetylcholine,0.96875,dopamine,1.0
FS3,31,dopamine,0.9354838709677419,octopamine,1.0
MTe52,27,acetylcholine,0.9259259259259259,gaba,0.7336999999999999
SMP018,26,dopamine,0.9615384615384616,acetylcholine,1.0
MLt5,26,acetylcholine,0.9615384615384616,gaba,0.7285000000000001
PLP115_b,24,acetylcholine,0.9583333333333334,gaba,0.9169
AN07B072,22,acetylcholine,0.9545454545454546,gaba,0.9794999999999999
LPi01,22,glutamate,0.9545454545454546,acetylcholine,0.8488
LT57,20,acetylcholine,0.9,octopamine,1.0
DNg07,18,acetylcholine,0.9444444444444444,gaba,0.9767
IN04B081,18,acetylcholine,0.9444444444444444,gaba,0.9784999999999999
CB1861,18,glutamate,0.9444444444444444,dopamine,0.7232
IN12B024,17,gaba,0.9411764705882353,octopamine,1.0
CB2638,16,dopamine,0.9375,glutamate,0.7897
CB3890,16,gaba,0.9375,glutamate,0.8968
SMP103,16,glutamate,0.9375,dopamine,0.7751
IN20A.22A036,16,acetylcholine,0.9375,gaba,0.9522
FB6J,15,glutamate,0.9333333333333333,tyramine,0.9038
CB2376,15,acetylcholine,0.9333333333333333,dopamine,0.6651
SLP036,13,dopamine,0.9230769230769231,glutamate,0.764
IN09A079,13,gaba,0.9230769230769231,glutamate,0.978
SNxx08,13,acetylcholine,0.9230769230769231,serotonin,0.8748
AOTU008d,12,acetylcholine,0.9166666666666666,dopamine,0.7548
SNxx07,12,acetylcholine,0.9166666666666666,serotonin,0.9352
CL182,11,glutamate,0.9090909090909091,dopamine,0.5945
IN02A044,11,glutamate,0.9090909090909091,acetylcholine,0.8515999999999999
"SAD045,SAD046",11,acetylcholine,0.9090909090909091,dopamine,0.5817
CB1339,11,acetylcholine,0.9090909090909091,glutamate,0.7974999999999999
INXXX315,11,acetylcholine,0.9090909090909091,gaba,0.918
CB1654,11,acetylcholine,0.9090909090909091,gaba,0.8087999999999999
IN23B072,10,acetylcholine,0.9,gaba,1.0
CB2685,10,dopamine,0.9,acetylcholine,0.6201
CB1881,10,dopamine,0.9,acetylcholine,0.7918
CB2387,10,gaba,0.9,glutamate,1.0
CB3873,10,dopamine,0.9,gaba,0.9257
LAL089,10,glutamate,0.9,serotonin,0.7518
