mosca,fator,protocolo,neurônios ativos,saída (Hz),"Spearman x FlyWire 1,0"
FlyWire,0.7,açúcar,337,64.0,
FlyWire,0.7,ameaça,400,92.5,
FlyWire,0.7,antena,408,23.5,
FlyWire,0.85,açúcar,395,85.0,
FlyWire,0.85,ameaça,495,104.0,
FlyWire,0.85,antena,441,29.0,
FlyWire,1.0,açúcar,453,98.5,0.9999999999999999
FlyWire,1.0,ameaça,621,116.0,1.0
FlyWire,1.0,antena,515,34.0,1.0
FlyWire,1.15,açúcar,496,91.5,0.9722376230267827
FlyWire,1.15,ameaça,778,119.5,0.9458517293646812
FlyWire,1.15,antena,672,37.5,0.8822473727126106
FlyWire,1.3,açúcar,545,103.0,0.926333160441978
FlyWire,1.3,ameaça,911,122.5,0.8966585563475563
FlyWire,1.3,antena,847,38.0,0.6453556646110593
FlyWire,1.5,açúcar,588,112.5,0.8549068141955625
FlyWire,1.5,ameaça,1065,130.0,0.7806193137180086
FlyWire,1.5,antena,1892,40.5,0.39830962969753925
BANC,1.0,açúcar,69,0.0,0.273288304271748
BANC,1.0,ameaça,271,50.0,0.03796355312270846
BANC,1.0,antena,303,0.0,0.2911333969702245
BANC,1.2,açúcar,72,0.0,0.3170000299281878
BANC,1.2,ameaça,754,56.5,-0.20480439263505792
BANC,1.2,antena,373,0.0,0.1366307946682122
BANC,1.4,açúcar,75,0.0,0.3298178854721918
BANC,1.4,ameaça,2770,38.0,-0.13231373076859676
BANC,1.4,antena,1274,0.0,-0.16509954189748333
BANC,1.6,açúcar,82,0.0,0.320995401562826
BANC,1.6,ameaça,3764,58.0,-0.07733372277279031
BANC,1.6,antena,3245,0.5,-0.1442356364931612
BANC,1.8,açúcar,4229,0.0,-0.3688963984653153
BANC,1.8,ameaça,4938,53.0,-0.0706732506295355
BANC,1.8,antena,4616,1.5,-0.1400782822610104
BANC,2.12,açúcar,4750,3.0,-0.2653509538115496
BANC,2.12,ameaça,6095,48.5,-0.04564015475950453
BANC,2.12,antena,5879,6.5,-0.1177591617071616
