DN,lf,lm,lh,rf,rm,rh,salto_TTM
DNp01 L,0.0,0.0,0.0,0.0,0.0,0.0,0.0
DNp01 R,0.0,0.0,0.0,0.0,0.0,0.0,0.0
MDN (ambos),3.125,0.0,0.0,3.4375,0.0,2.875,0.0
DNp09 (ambos),1.0984848484848484,2.4583333333333335,1.4285714285714286,0.0,0.0,0.0,0.0
DNa01 L,0.78125,5.5,0.7857142857142857,0.9375,0.15625,0.0,0.0
DNa01 R,0.0,0.0,0.0,0.0,0.0,0.0,0.0
DNa02 L,1.9128787878787878,2.5,0.17857142857142858,0.3125,0.0,0.0,0.0
DNa02 R,0.0,0.0,0.0,1.0416666666666667,0.0,0.0,0.0
DNg12_a (ambos),0.0,0.0,0.0,0.0,0.0,0.0,0.0
DNb05 (ambos),10.431985294117647,16.25,14.232142857142858,17.1875,34.21875,2.5,0.0
